{
  "sandboxes": [
    "vanilla",
    "vanilla-ts",
    "github/reduxjs/rtk-github-issues-example",
    "/examples/query/react/basic",
    "/examples/query/react/advanced",
    "/examples/action-listener/counter"
  ],
  "node": "14",
  "buildCommand": "build:packages",
  "packages": [
    "packages/toolkit",
    "packages/rtk-query-graphql-request-base-query",
    "packages/rtk-query-codegen-openapi"
  ],
  "publishDirectory": {
    "@reduxjs/toolkit": "packages/toolkit",
    "@rtk-query/graphql-request-base-query": "packages/rtk-query-graphql-request-base-query",
    "@rtk-query/codegen-openapi": "packages/rtk-query-codegen-openapi"
  }
}
